{
  "linear_regression": {
    "val": {
      "rmse": 0.3186735320037341,
      "mae": 0.2626043981697742,
      "mape": 39.584470965909176,
      "r2": 0.9012565650144135
    },
    "test": {
      "rmse": 0.23346255673563832,
      "mae": 0.1926708150672806,
      "mape": 28.26656718012972,
      "r2": 0.9448797339122649
    }
  }
}