{
  "linear_regression": {
    "val": {
      "rmse": 0.3186735320037341,
      "mae": 0.2626043981697742,
      "mape": 39.584470965909176,
      "r2": 0.9012565650144135
    },
    "test": {
      "rmse": 0.23346255673563832,
      "mae": 0.1926708150672806,
      "mape": 28.26656718012972,
      "r2": 0.9448797339122649
    }
  },
  "random_forest": {
    "val": {
      "rmse": 0.10570691701597075,
      "mae": 0.06096162952046887,
      "mape": 10.837863803427386,
      "r2": 0.9891351669705893
    },
    "test": {
      "rmse": 0.11365948593162063,
      "mae": 0.05509888206659282,
      "mape": 11.27863131106957,
      "r2": 0.98693563800289
    }
  },
  "xgboost_default": {
    "val": {
      "rmse": 0.14944310581448528,
      "mae": 0.10377085964561343,
      "mape": 15.76378939638809,
      "r2": 0.9782845910418387
    },
    "test": {
      "rmse": 0.13153241005995797,
      "mae": 0.08337374996256085,
      "mape": 14.008457801557551,
      "r2": 0.9825038543172131
    }
  },
  "xgboost_tuned": {
    "val": {
      "rmse": 0.07986107413328264,
      "mae": 0.049504101385983455,
      "mape": 8.855955297196527,
      "r2": 0.9937986457989965
    },
    "test": {
      "rmse": 0.12915390811865657,
      "mae": 0.05442382473314306,
      "mape": 10.16688694770859,
      "r2": 0.9831308991296882
    },
    "best_params": {
      "n_estimators": 716,
      "max_depth": 6,
      "learning_rate": 0.28042739745174006,
      "subsample": 0.7485719040813565,
      "colsample_bytree": 0.9989561876178842,
      "min_child_weight": 4,
      "reg_alpha": 6.312874488308385e-07,
      "reg_lambda": 0.0009575656377262497
    }
  }
}